user_id,item_id,rating
1,353,5.0
2,353,5.0
3,353,5.0
4,353,5.0
5,353,4.0
6,353,5.0
7,1044,5.0
7,1005,3.0
7,353,4.0
7,190,4.0
8,353,4.0
9,1633,5.0
10,1633,5.0
11,1633,4.0
12,1633,5.0
13,1633,5.0
14,1633,5.0
15,1633,5.0
16,1633,5.0
17,1852,5.0
18,1852,5.0
19,1852,4.0
20,1852,5.0
21,1852,5.0
22,1852,2.0
23,1852,5.0
24,1240,5.0
24,1852,5.0
25,145,3.0
26,145,5.0
27,145,1.0
28,145,4.0
29,145,5.0
30,145,5.0
31,145,4.0
32,145,3.0
33,5,5.0
34,5,5.0
35,5,5.0
36,5,5.0
37,5,5.0
38,5,5.0
39,5,5.0
40,5,5.0
41,6,3.0
42,6,2.0
43,6,4.0
44,19,5.0
45,1573,4.0
45,3,5.0
45,19,4.0
46,19,5.0
47,19,5.0
48,19,5.0
49,19,4.0
50,19,5.0
51,19,5.0
52,27,4.0
53,27,5.0
54,27,5.0
55,27,4.0
56,27,4.0
57,27,5.0
58,27,3.0
59,34,5.0
60,34,5.0
61,34,5.0
62,34,5.0
63,35,5.0
64,35,5.0
65,35,5.0
66,35,5.0
67,35,2.0
68,35,5.0
69,35,5.0
70,35,3.0
71,41,1.0
72,14,5.0
73,14,5.0
74,42,1.0
75,694,4.0
75,654,3.0
75,44,5.0
75,1791,4.0
76,1500,4.0
76,1479,3.0
76,1661,4.0
76,140,4.0
76,959,4.0
76,1826,3.0
76,204,4.0
76,1855,3.0
76,817,4.0
76,1684,4.0
76,1142,4.0
76,149,3.0
76,1692,4.0
76,1806,5.0
76,44,4.0
76,219,5.0
77,44,5.0
78,44,5.0
79,1693,5.0
79,44,5.0
80,510,5.0
80,466,4.0
80,44,4.0
80,1626,3.0
81,44,5.0
82,204,5.0
82,1806,4.0
82,44,5.0
83,46,5.0
84,46,5.0
85,46,4.0
86,46,4.0
87,46,4.0
88,46,5.0
89,46,5.0
90,46,5.0
91,49,5.0
92,49,5.0
93,49,5.0
94,49,4.0
95,49,5.0
96,51,5.0
97,33,5.0
98,58,5.0
99,59,5.0
100,59,5.0
101,59,5.0
102,59,5.0
103,59,5.0
104,59,5.0
105,59,1.0
106,59,5.0
107,64,4.0
108,64,1.0
109,64,2.0
110,64,4.0
111,64,5.0
112,64,5.0
113,64,5.0
114,64,5.0
115,66,5.0
116,493,2.0
116,1096,3.0
116,66,5.0
117,67,4.0
118,67,4.0
119,67,4.0
120,67,5.0
121,67,5.0
122,67,4.0
123,461,4.0
123,1165,4.0
123,67,5.0
124,68,1.0
125,68,5.0
126,69,5.0
127,74,5.0
128,74,5.0
129,74,4.0
130,74,5.0
131,74,5.0
132,74,2.0
133,74,4.0
134,74,5.0
135,75,5.0
136,75,5.0
137,75,5.0
138,75,5.0
139,75,5.0
140,75,5.0
141,75,5.0
142,75,5.0
143,76,5.0
144,76,5.0
145,77,5.0
146,79,4.0
147,79,5.0
148,79,5.0
149,79,5.0
150,79,5.0
151,79,5.0
152,79,5.0
153,79,5.0
154,82,5.0
155,82,5.0
156,83,5.0
157,83,5.0
158,83,5.0
159,81,5.0
160,81,4.0
161,81,5.0
162,81,5.0
163,81,5.0
164,81,5.0
165,81,5.0
166,81,4.0
167,89,5.0
168,89,5.0
169,89,5.0
170,89,5.0
171,89,3.0
172,89,5.0
173,89,5.0
174,89,5.0
175,92,5.0
176,92,3.0
177,92,1.0
178,92,5.0
179,92,5.0
180,92,5.0
181,92,3.0
182,92,5.0
183,17,5.0
184,17,5.0
185,97,5.0
186,99,5.0
187,648,5.0
187,1570,4.0
187,105,5.0
188,666,5.0
188,105,3.0
189,105,5.0
190,106,5.0
191,106,5.0
192,106,5.0
193,106,5.0
194,106,4.0
195,106,5.0
196,115,2.0
197,115,1.0
198,115,2.0
199,115,5.0
200,115,1.0
201,115,1.0
202,115,1.0
203,115,1.0
204,117,5.0
205,121,5.0
206,121,5.0
207,121,4.0
208,1760,5.0
208,1758,5.0
208,126,5.0
208,1837,4.0
209,126,5.0
210,1087,5.0
210,126,5.0
211,126,5.0
212,126,5.0
213,126,5.0
214,126,5.0
215,126,5.0
216,129,4.0
217,129,5.0
218,129,5.0
219,129,4.0
220,139,5.0
221,139,5.0
222,139,5.0
223,139,5.0
224,139,5.0
225,139,5.0
226,139,5.0
227,139,4.0
228,140,5.0
229,140,5.0
230,140,5.0
231,140,5.0
232,140,5.0
233,142,5.0
234,146,3.0
235,146,5.0
236,1057,5.0
236,146,4.0
237,146,4.0
238,146,3.0
239,1791,5.0
239,146,5.0
240,146,3.0
241,1814,4.0
241,279,4.0
241,311,4.0
241,273,3.0
241,603,4.0
241,271,4.0
241,146,5.0
241,601,4.0
242,148,4.0
243,148,5.0
244,148,3.0
245,150,5.0
246,150,3.0
247,150,4.0
248,150,5.0
249,150,3.0
250,150,5.0
251,150,5.0
252,150,5.0
253,1742,5.0
253,1692,5.0
253,549,5.0
253,1827,5.0
253,463,5.0
253,1088,4.0
253,1044,5.0
253,151,5.0
253,1084,5.0
254,151,4.0
255,151,5.0
256,149,5.0
257,149,5.0
258,153,5.0
259,153,5.0
260,153,5.0
261,153,4.0
262,933,5.0
262,153,5.0
263,153,4.0
264,153,4.0
265,593,5.0
266,593,5.0
267,593,5.0
268,593,5.0
269,593,5.0
270,1847,5.0
271,1847,5.0
272,1847,4.0
273,1335,4.0
273,1847,5.0
274,1847,4.0
275,1847,5.0
276,1847,5.0
277,1847,4.0
278,154,5.0
279,154,5.0
280,154,5.0
281,154,5.0
282,154,4.0
283,154,5.0
284,193,5.0
284,1846,5.0
284,156,5.0
284,859,5.0
285,1846,5.0
285,1735,5.0
285,156,5.0
286,331,5.0
286,156,5.0
287,156,4.0
288,156,4.0
289,156,5.0
290,520,5.0
290,156,5.0
291,156,3.0
292,157,3.0
293,157,5.0
294,157,4.0
295,157,5.0
296,157,5.0
297,157,4.0
298,157,5.0
299,157,5.0
300,161,4.0
301,161,5.0
302,327,3.0
302,1148,4.0
302,161,4.0
303,530,3.0
303,161,5.0
304,161,5.0
305,161,4.0
306,161,4.0
307,161,5.0
308,1835,5.0
309,351,5.0
309,1692,4.0
309,1835,5.0
310,1835,5.0
311,1835,5.0
312,116,5.0
312,1845,5.0
312,1488,5.0
312,297,5.0
312,361,5.0
312,1183,5.0
312,932,5.0
312,195,5.0
312,1835,5.0
312,687,5.0
313,1835,3.0
314,1835,5.0
315,1835,3.0
316,169,4.0
317,169,5.0
318,169,5.0
319,169,5.0
320,169,3.0
321,169,2.0
322,169,2.0
323,169,5.0
324,170,5.0
325,170,5.0
326,173,3.0
327,173,4.0
328,175,5.0
329,175,5.0
330,175,5.0
331,175,5.0
332,175,5.0
333,175,5.0
334,175,1.0
335,175,2.0
336,179,2.0
337,179,5.0
338,179,5.0
339,179,4.0
340,179,2.0
341,179,4.0
342,179,4.0
343,180,5.0
344,180,5.0
345,180,3.0
346,180,4.0
347,180,5.0
348,180,5.0
349,180,3.0
350,180,1.0
351,185,4.0
352,185,1.0
353,185,5.0
354,185,3.0
355,185,4.0
356,185,5.0
357,185,3.0
358,185,3.0
359,189,5.0
360,189,4.0
361,189,4.0
362,189,5.0
363,189,2.0
364,189,4.0
365,189,3.0
366,189,3.0
367,193,4.0
368,193,5.0
369,193,5.0
370,193,5.0
371,193,5.0
372,193,4.0
373,193,5.0
374,194,5.0
375,194,5.0
376,1332,5.0
376,195,5.0
377,195,5.0
378,195,5.0
379,195,5.0
380,694,5.0
380,214,5.0
380,195,5.0
381,1621,5.0
381,347,4.0
381,552,5.0
381,1044,5.0
381,299,5.0
381,195,5.0
381,1009,5.0
382,195,5.0
383,196,5.0
384,196,4.0
385,196,5.0
386,196,5.0
387,196,5.0
388,196,5.0
389,196,4.0
390,196,3.0
391,1487,5.0
391,1806,4.0
391,204,5.0
392,204,1.0
393,204,5.0
394,204,3.0
395,204,5.0
396,205,4.0
397,205,5.0
398,1809,5.0
398,205,5.0
399,205,5.0
400,205,4.0
401,205,5.0
402,205,5.0
403,205,5.0
404,206,5.0
405,206,4.0
406,206,5.0
407,206,3.0
408,206,4.0
409,206,5.0
410,206,1.0
411,206,5.0
412,213,5.0
413,213,5.0
414,213,4.0
415,214,5.0
416,214,5.0
417,215,4.0
418,215,5.0
419,215,2.0
420,215,5.0
421,1809,5.0
421,215,5.0
422,215,5.0
423,215,3.0
424,216,5.0
425,216,4.0
426,216,5.0
427,216,3.0
428,216,4.0
429,216,5.0
430,216,1.0
431,442,5.0
431,216,5.0
432,217,4.0
433,366,4.0
433,217,5.0
434,217,4.0
435,217,5.0
436,217,5.0
437,217,5.0
438,217,5.0
439,218,5.0
440,218,4.0
441,218,4.0
442,1559,3.0
442,308,5.0
442,1373,5.0
442,218,3.0
442,1757,4.0
443,469,5.0
443,1161,5.0
443,218,5.0
444,218,4.0
445,218,5.0
446,218,5.0
447,219,3.0
448,864,4.0
448,1273,3.0
448,328,4.0
448,251,4.0
448,219,4.0
448,817,4.0
449,219,5.0
450,219,5.0
451,219,3.0
452,1818,5.0
452,151,5.0
452,222,5.0
453,222,5.0
454,222,5.0
455,222,5.0
456,229,5.0
457,229,5.0
458,229,4.0
459,232,1.0
460,232,5.0
461,238,4.0
462,238,5.0
463,238,3.0
464,238,2.0
465,238,5.0
466,238,5.0
467,238,3.0
468,238,5.0
469,242,5.0
470,242,5.0
471,242,5.0
472,242,5.0
473,242,4.0
474,244,3.0
475,247,5.0
476,1004,5.0
476,1574,5.0
476,247,5.0
476,297,5.0
477,247,3.0
478,247,5.0
479,247,5.0
480,247,4.0
481,247,3.0
482,247,5.0
483,252,4.0
484,252,1.0
485,252,5.0
486,251,5.0
487,251,3.0
488,1084,5.0
488,1742,5.0
488,251,4.0
488,1827,4.0
489,251,4.0
490,251,5.0
491,251,5.0
492,253,5.0
493,253,4.0
494,925,3.0
494,1682,4.0
494,253,5.0
495,253,5.0
496,253,1.0
497,253,5.0
498,253,5.0
499,253,5.0
500,253,5.0
501,255,5.0
502,255,5.0
503,255,3.0
504,255,5.0
505,255,5.0
506,255,1.0
507,264,5.0
508,264,5.0
509,264,5.0
510,264,5.0
511,264,5.0
512,264,5.0
513,267,5.0
514,270,5.0
515,270,5.0
516,270,5.0
517,270,5.0
518,270,5.0
519,270,3.0
520,270,4.0
521,271,5.0
522,1792,4.0
522,271,3.0
523,271,4.0
524,271,3.0
525,271,4.0
526,271,4.0
527,273,4.0
528,273,5.0
529,273,5.0
530,273,4.0
531,1575,4.0
531,273,5.0
532,276,5.0
533,276,5.0
534,969,3.0
534,1004,5.0
534,276,5.0
535,276,4.0
536,276,5.0
537,276,5.0
538,276,3.0
539,276,4.0
540,279,5.0
541,279,5.0
542,279,5.0
543,618,4.0
543,279,5.0
544,279,5.0
545,279,5.0
546,279,4.0
547,864,4.0
547,335,5.0
547,281,5.0
547,1424,5.0
548,281,4.0
549,281,5.0
550,281,5.0
551,281,5.0
552,281,4.0
553,281,2.0
554,287,4.0
555,289,5.0
556,289,5.0
557,938,5.0
557,289,5.0
558,289,5.0
559,289,5.0
560,289,4.0
561,289,4.0
562,289,4.0
563,292,3.0
564,292,4.0
565,292,3.0
566,292,3.0
567,292,4.0
568,292,4.0
569,292,4.0
570,293,5.0
571,969,5.0
571,1768,4.0
571,293,5.0
572,293,5.0
573,293,5.0
574,293,4.0
575,294,4.0
576,294,1.0
577,294,5.0
578,294,4.0
579,294,5.0
580,294,5.0
581,299,4.0
582,299,5.0
583,299,4.0
584,299,3.0
585,299,5.0
586,1782,4.0
586,299,5.0
587,299,4.0
588,304,3.0
589,304,5.0
590,304,3.0
591,304,5.0
592,304,5.0
593,304,4.0
594,304,5.0
595,304,5.0
596,111,5.0
597,111,5.0
598,111,5.0
599,111,5.0
600,111,5.0
601,111,5.0
602,111,5.0
603,111,1.0
604,1044,4.0
605,1044,4.0
606,1044,4.0
607,1044,4.0
608,1383,5.0
608,1044,4.0
609,309,5.0
610,309,2.0
611,309,5.0
612,309,5.0
613,309,5.0
614,1103,3.0
615,1103,5.0
616,1103,5.0
617,1103,5.0
618,1103,5.0
619,1103,5.0
620,1103,5.0
621,314,5.0
622,314,5.0
623,315,1.0
624,1183,5.0
624,315,5.0
625,315,5.0
626,315,3.0
627,315,3.0
628,315,5.0
629,315,5.0
630,315,5.0
631,316,1.0
632,316,1.0
633,316,5.0
634,316,5.0
635,317,5.0
636,317,3.0
637,317,4.0
638,317,4.0
639,317,5.0
640,317,4.0
641,317,4.0
642,317,5.0
643,319,5.0
644,319,4.0
645,319,4.0
646,319,5.0
647,319,5.0
648,319,5.0
649,319,5.0
650,116,5.0
651,116,5.0
652,116,5.0
653,116,5.0
654,116,4.0
655,116,4.0
656,116,4.0
657,261,5.0
657,322,4.0
658,322,5.0
659,322,5.0
660,322,3.0
661,322,5.0
662,322,1.0
663,322,4.0
664,322,1.0
665,325,5.0
666,325,5.0
667,1667,5.0
667,325,5.0
668,325,4.0
669,325,5.0
670,325,5.0
671,642,5.0
671,325,5.0
672,323,5.0
673,1315,5.0
673,323,5.0
674,327,5.0
675,327,3.0
676,327,2.0
677,327,4.0
678,1145,5.0
678,1660,4.0
678,677,3.0
678,1383,4.0
678,327,3.0
678,1108,5.0
679,327,4.0
680,327,4.0
681,328,5.0
682,328,5.0
683,328,4.0
684,328,5.0
685,328,4.0
686,328,4.0
687,328,5.0
688,330,3.0
689,330,5.0
690,330,5.0
691,330,5.0
692,330,5.0
693,330,5.0
694,330,5.0
695,332,4.0
696,332,3.0
697,332,4.0
698,332,4.0
699,682,5.0
699,1788,4.0
699,414,4.0
699,332,4.0
699,1177,4.0
700,332,5.0
701,332,5.0
702,338,5.0
703,338,5.0
704,338,5.0
705,342,5.0
706,342,5.0
707,342,5.0
708,342,1.0
709,342,5.0
710,342,2.0
711,342,4.0
712,342,5.0
713,343,5.0
714,346,4.0
715,346,3.0
716,346,5.0
717,333,5.0
718,348,5.0
719,348,5.0
720,1598,5.0
720,348,5.0
721,348,5.0
722,348,5.0
723,348,5.0
724,348,5.0
725,348,5.0
726,350,4.0
727,350,3.0
728,350,5.0
729,350,5.0
730,350,4.0
731,350,4.0
732,350,2.0
733,350,5.0
734,351,3.0
735,351,1.0
736,354,5.0
737,354,2.0
738,357,5.0
739,357,4.0
740,357,5.0
741,359,5.0
742,359,5.0
743,358,5.0
744,358,5.0
745,358,4.0
746,358,5.0
747,360,5.0
748,361,1.0
749,361,5.0
750,1787,5.0
750,361,5.0
751,1561,5.0
751,361,5.0
752,361,4.0
753,361,3.0
754,361,4.0
755,362,5.0
756,362,5.0
757,362,5.0
758,362,3.0
759,362,5.0
760,362,5.0
761,365,5.0
762,365,5.0
763,366,5.0
764,366,4.0
765,366,5.0
766,366,5.0
767,366,4.0
768,366,1.0
769,366,5.0
770,368,5.0
771,368,5.0
772,370,5.0
773,373,4.0
774,373,5.0
775,645,5.0
775,373,5.0
776,376,5.0
777,376,5.0
778,376,5.0
779,378,3.0
780,378,5.0
781,378,5.0
782,378,5.0
783,378,1.0
784,383,5.0
785,383,5.0
786,383,5.0
787,383,5.0
788,540,4.0
788,1666,4.0
788,383,5.0
789,383,5.0
790,383,5.0
791,383,1.0
792,384,5.0
793,384,5.0
794,384,5.0
795,384,2.0
796,384,5.0
797,384,4.0
798,384,5.0
799,388,5.0
800,388,5.0
801,389,3.0
802,389,5.0
803,389,5.0
804,391,5.0
805,391,5.0
806,391,5.0
807,391,5.0
808,391,3.0
809,391,4.0
810,391,5.0
811,391,3.0
812,392,5.0
813,392,5.0
814,392,5.0
815,392,5.0
816,392,2.0
817,392,4.0
818,392,5.0
819,393,3.0
820,393,3.0
821,393,4.0
822,393,5.0
823,393,1.0
824,393,5.0
825,393,4.0
826,393,3.0
827,394,5.0
828,394,5.0
829,394,5.0
830,394,5.0
831,394,5.0
832,394,1.0
833,398,5.0
834,399,1.0
835,399,5.0
836,399,5.0
837,400,5.0
838,401,5.0
839,401,5.0
840,402,5.0
841,403,5.0
842,403,4.0
843,403,5.0
844,403,1.0
845,403,3.0
846,403,4.0
847,403,3.0
848,403,5.0
849,407,5.0
850,407,5.0
851,407,3.0
852,408,5.0
853,409,2.0
854,409,4.0
855,409,5.0
856,682,4.0
856,717,4.0
856,412,5.0
857,412,5.0
858,412,5.0
859,414,5.0
860,414,5.0
861,414,5.0
862,414,5.0
863,414,5.0
864,414,4.0
865,414,5.0
866,335,4.0
867,335,4.0
868,335,3.0
869,335,5.0
870,335,3.0
871,335,4.0
872,335,4.0
873,423,5.0
874,423,5.0
875,423,4.0
876,423,4.0
877,423,3.0
878,423,5.0
879,423,4.0
880,423,5.0
881,604,5.0
882,604,4.0
883,604,5.0
884,604,5.0
885,604,5.0
886,604,5.0
887,604,5.0
888,427,5.0
889,427,5.0
890,433,5.0
891,433,5.0
892,433,5.0
893,433,4.0
894,433,4.0
895,983,4.0
895,552,5.0
895,433,4.0
895,1087,4.0
896,433,5.0
897,439,5.0
898,439,4.0
899,439,5.0
900,439,5.0
901,439,5.0
902,439,3.0
903,439,5.0
904,439,4.0
905,441,4.0
906,441,2.0
907,441,5.0
908,441,5.0
909,441,5.0
910,441,4.0
911,441,4.0
912,441,4.0
913,442,5.0
914,442,4.0
915,442,5.0
916,882,2.0
916,1216,5.0
916,442,5.0
916,1516,3.0
917,442,5.0
918,1309,5.0
918,442,5.0
919,444,5.0
920,444,4.0
921,444,5.0
922,444,5.0
923,444,5.0
924,417,5.0
924,501,4.0
924,444,4.0
924,372,5.0
925,444,5.0
926,444,5.0
927,446,5.0
928,455,5.0
929,455,5.0
930,455,3.0
931,455,5.0
932,455,5.0
933,455,5.0
934,455,5.0
935,457,1.0
936,457,5.0
937,457,5.0
938,457,5.0
939,459,5.0
940,459,5.0
941,459,5.0
942,459,5.0
943,459,4.0
944,461,3.0
945,461,3.0
946,461,2.0
947,461,4.0
948,911,5.0
948,573,5.0
948,463,5.0
948,1566,4.0
949,463,5.0
950,190,5.0
950,1825,5.0
950,463,5.0
951,190,5.0
951,1825,5.0
951,463,5.0
952,463,5.0
953,463,5.0
954,463,5.0
955,464,5.0
956,464,5.0
957,464,5.0
958,464,4.0
959,464,5.0
960,464,5.0
961,464,4.0
962,464,4.0
963,466,5.0
964,466,4.0
965,466,5.0
966,466,5.0
967,466,4.0
968,466,5.0
969,466,4.0
970,469,5.0
971,469,5.0
972,469,5.0
973,469,4.0
974,103,4.0
974,469,5.0
975,469,5.0
976,469,4.0
977,471,4.0
978,471,1.0
979,481,3.0
980,481,5.0
981,481,5.0
982,481,5.0
983,481,4.0
984,481,4.0
985,481,5.0
986,486,5.0
987,486,5.0
988,1842,5.0
988,488,5.0
989,488,5.0
990,488,5.0
991,892,0.0
991,488,5.0
992,488,5.0
993,488,5.0
994,488,5.0
995,490,5.0
996,490,5.0
997,708,5.0
997,490,5.0
998,492,5.0
999,492,4.0
1000,492,5.0
1001,492,3.0
1002,18,5.0
1002,492,5.0
1003,492,1.0
1004,492,3.0
1005,492,3.0
1006,493,4.0
1007,493,5.0
1008,493,3.0
1009,493,4.0
1010,493,3.0
1011,493,5.0
1012,493,5.0
1013,496,4.0
1014,497,1.0
1015,497,4.0
1016,497,1.0
1017,497,5.0
1018,497,4.0
1019,498,5.0
1020,498,4.0
1021,498,5.0
1022,498,5.0
1023,498,3.0
1024,498,5.0
1025,498,4.0
1026,498,4.0
1027,501,3.0
1028,501,3.0
1029,501,5.0
1030,501,3.0
1031,504,5.0
1032,504,5.0
1033,504,5.0
1034,506,5.0
1035,508,5.0
1036,508,5.0
1037,508,5.0
1038,508,5.0
1039,508,5.0
1040,508,5.0
1041,508,5.0
1042,1812,5.0
1042,508,5.0
1043,509,5.0
1044,509,4.0
1045,509,5.0
1046,509,5.0
1047,509,5.0
1048,509,5.0
1049,509,3.0
1050,510,4.0
1051,510,4.0
1052,510,4.0
1053,510,5.0
1054,510,5.0
1055,510,4.0
1056,510,5.0
1057,513,5.0
1058,513,5.0
1059,513,3.0
1060,513,1.0
1061,513,5.0
1062,513,5.0
1063,513,1.0
1064,513,5.0
1065,520,4.0
1066,520,4.0
1067,520,4.0
1068,520,5.0
1069,520,5.0
1070,520,5.0
1071,475,2.0
1072,475,3.0
1073,476,5.0
1074,476,5.0
1075,476,4.0
1076,476,4.0
1077,476,4.0
1078,476,5.0
1079,476,5.0
1080,476,5.0
1081,524,5.0
1082,527,5.0
1083,527,5.0
1084,527,5.0
1085,527,1.0
1086,527,5.0
1087,527,5.0
1088,477,5.0
1089,477,5.0
1090,477,5.0
1091,477,5.0
1092,478,4.0
1093,478,4.0
1094,959,5.0
1094,573,5.0
1094,478,4.0
1094,1573,5.0
1095,478,5.0
1096,478,5.0
1097,478,5.0
1098,534,5.0
1099,534,4.0
1100,534,5.0
1101,534,4.0
1102,1684,4.0
1102,534,3.0
1103,534,4.0
1104,537,5.0
1105,537,5.0
1106,537,5.0
1107,537,5.0
1108,537,3.0
1109,537,3.0
1110,537,3.0
1111,537,5.0
1112,537,1.0
1113,537,1.0
1114,537,3.0
1115,537,5.0
1116,537,4.0
1117,537,4.0
1118,537,4.0
1119,537,3.0
1120,537,5.0
1121,537,4.0
1122,537,5.0
1123,537,2.0
1124,537,5.0
1125,540,5.0
1126,540,4.0
1127,540,5.0
1128,540,4.0
1129,540,4.0
1130,540,5.0
1131,540,3.0
1132,541,5.0
1133,541,3.0
1134,541,5.0
1135,541,5.0
1136,541,5.0
1137,541,4.0
1138,541,5.0
1139,541,2.0
1140,542,5.0
1141,542,4.0
1142,547,5.0
1143,547,5.0
1144,547,5.0
1145,547,4.0
1146,547,1.0
1147,547,5.0
1148,548,5.0
1149,548,4.0
1150,548,5.0
1151,548,5.0
1152,548,5.0
1153,548,5.0
1154,548,5.0
1155,549,5.0
1156,549,5.0
1157,549,5.0
1158,549,5.0
1159,549,5.0
1160,549,5.0
1161,479,5.0
1162,1383,5.0
1163,1383,5.0
1164,1383,4.0
1165,1383,5.0
1166,1383,3.0
1167,1383,5.0
1168,552,5.0
1169,556,4.0
1170,555,5.0
1171,555,5.0
1172,555,5.0
1173,555,5.0
1174,555,5.0
1175,555,5.0
1176,555,5.0
1177,555,5.0
1178,572,4.0
1179,572,4.0
1180,572,5.0
1181,572,3.0
1182,1420,5.0
1182,572,5.0
1183,572,5.0
1184,572,5.0
1185,572,5.0
1186,573,5.0
1187,573,3.0
1188,573,3.0
1189,573,5.0
1190,573,4.0
1191,805,4.0
1191,574,4.0
1192,574,5.0
1193,574,5.0
1194,574,4.0
1195,574,5.0
1196,574,5.0
1197,574,3.0
1198,574,5.0
1199,557,4.0
1200,557,4.0
1201,557,5.0
1202,557,5.0
1203,557,4.0
1204,557,4.0
1205,577,4.0
1206,577,4.0
1207,577,4.0
1208,577,4.0
1209,577,4.0
1210,577,3.0
1211,577,3.0
1212,577,5.0
1213,581,5.0
1214,581,5.0
1215,581,5.0
1216,581,5.0
1217,581,4.0
1218,587,2.0
1219,587,1.0
1220,552,5.0
1220,677,4.0
1220,592,5.0
1221,592,2.0
1222,594,2.0
1223,594,5.0
1224,594,5.0
1225,594,5.0
1226,594,5.0
1227,594,5.0
1228,596,5.0
1229,596,5.0
1230,596,5.0
1231,599,5.0
1232,599,5.0
1233,599,5.0
1234,599,5.0
1235,599,5.0
1236,599,5.0
1237,601,5.0
1238,601,5.0
1239,1569,4.0
1239,601,5.0
1240,209,2.0
1240,601,4.0
1241,601,5.0
1242,601,5.0
1243,601,4.0
1244,603,4.0
1245,603,5.0
1246,603,1.0
1247,603,4.0
1248,603,1.0
1249,603,5.0
1250,603,5.0
1251,605,5.0
1252,605,5.0
1253,605,3.0
1254,605,1.0
1255,605,5.0
1256,617,3.0
1257,617,2.0
1258,617,5.0
1259,618,4.0
1260,618,5.0
1261,618,4.0
1262,618,3.0
1263,618,4.0
1264,618,3.0
1265,559,5.0
1266,559,5.0
1267,559,5.0
1268,559,5.0
1269,559,3.0
1270,559,5.0
1271,559,5.0
1272,624,5.0
1273,624,4.0
1274,624,5.0
1275,625,1.0
1276,627,5.0
1277,627,5.0
1278,627,1.0
1279,627,4.0
1280,627,5.0
1281,627,5.0
1282,628,4.0
1283,628,4.0
1284,628,4.0
1285,629,5.0
1286,629,5.0
1287,629,5.0
1288,629,1.0
1289,629,1.0
1290,629,5.0
1291,631,5.0
1292,1087,4.0
1292,631,4.0
1293,631,4.0
1294,633,5.0
1295,633,5.0
1296,633,5.0
1297,635,5.0
1298,637,5.0
1299,640,5.0
1300,642,5.0
1301,642,5.0
1302,642,5.0
1303,642,5.0
1304,642,3.0
1305,645,5.0
1306,648,5.0
1307,648,5.0
1308,648,4.0
1309,648,5.0
1310,648,5.0
1311,648,5.0
1312,648,5.0
1313,649,5.0
1314,649,5.0
1315,653,5.0
1316,653,5.0
1317,653,4.0
1318,653,5.0
1319,653,5.0
1320,653,4.0
1321,653,3.0
1322,653,5.0
1323,653,5.0
1324,654,4.0
1325,1148,5.0
1325,654,2.0
1326,654,5.0
1327,654,5.0
1328,654,5.0
1329,654,5.0
1330,654,5.0
1331,659,5.0
1332,659,5.0
1333,1232,5.0
1333,662,4.0
1334,662,5.0
1335,662,5.0
1336,662,5.0
1337,662,3.0
1338,662,5.0
1339,665,5.0
1340,665,5.0
1341,665,4.0
1342,665,1.0
1343,665,5.0
1344,665,5.0
1345,665,1.0
1346,665,5.0
1347,668,5.0
1348,668,4.0
1349,668,4.0
1350,668,5.0
1351,1013,5.0
1351,1792,4.0
1351,668,2.0
1352,668,5.0
1353,668,5.0
1354,673,5.0
1355,673,5.0
1356,1315,5.0
1356,780,5.0
1356,564,5.0
1356,563,5.0
1357,564,5.0
1358,1088,3.0
1358,676,4.0
1359,676,3.0
1360,676,5.0
1361,676,3.0
1362,676,3.0
1363,676,3.0
1364,676,5.0
1365,677,4.0
1366,677,5.0
1367,682,5.0
1368,682,5.0
1369,1160,5.0
1369,1767,4.0
1369,682,4.0
1370,682,3.0
1371,686,5.0
1372,686,4.0
1373,686,2.0
1374,686,5.0
1375,686,4.0
1376,686,5.0
1377,686,3.0
1378,686,5.0
1379,687,5.0
1380,687,5.0
1381,687,5.0
1382,687,5.0
1383,687,5.0
1384,687,5.0
1385,687,4.0
1386,688,3.0
1387,567,5.0
1388,567,5.0
1389,567,5.0
1390,693,5.0
1391,693,5.0
1392,694,5.0
1393,694,5.0
1394,694,3.0
1395,694,5.0
1396,699,5.0
1397,699,4.0
1398,699,3.0
1399,699,5.0
1400,699,5.0
1401,699,5.0
1402,699,5.0
1403,699,5.0
1404,700,4.0
1405,700,5.0
1406,950,4.0
1406,700,5.0
1407,950,3.0
1407,372,3.0
1407,700,4.0
1408,700,5.0
1409,700,4.0
1410,705,5.0
1411,705,5.0
1412,708,5.0
1413,708,5.0
1414,710,5.0
1415,710,3.0
1416,710,5.0
1417,710,4.0
1418,710,3.0
1419,710,4.0
1420,710,5.0
1421,710,5.0
1422,712,3.0
1423,712,4.0
1424,712,3.0
1425,712,5.0
1426,712,4.0
1427,712,5.0
1428,712,3.0
1429,712,4.0
1430,716,5.0
1431,716,5.0
1432,716,5.0
1433,716,5.0
1434,716,5.0
1435,716,5.0
1436,716,5.0
1437,716,5.0
1438,721,1.0
1439,723,5.0
1440,723,5.0
1441,723,5.0
1442,723,5.0
1443,723,5.0
1444,723,5.0
1445,723,5.0
1446,725,4.0
1447,725,3.0
1448,725,4.0
1449,726,5.0
1450,1667,4.0
1450,726,2.0
1451,726,4.0
1452,1574,4.0
1452,3,4.0
1452,726,4.0
1453,726,1.0
1454,726,5.0
1455,726,5.0
1456,726,5.0
1457,733,1.0
1458,733,5.0
1459,733,5.0
1460,736,4.0
1461,736,2.0
1462,736,5.0
1463,568,5.0
1464,568,5.0
1465,568,5.0
1466,568,4.0
1467,568,4.0
1468,568,5.0
1469,568,5.0
1470,568,2.0
1471,552,5.0
1471,1183,5.0
1471,741,5.0
1472,741,5.0
1473,741,5.0
1474,741,5.0
1475,741,4.0
1476,741,5.0
1477,744,4.0
1478,744,5.0
1479,744,5.0
1480,744,2.0
1481,744,3.0
1482,744,2.0
1483,744,5.0
1484,749,1.0
1485,749,5.0
1486,749,5.0
1487,751,5.0
1488,751,4.0
1489,751,5.0
1490,751,3.0
1491,751,3.0
1492,751,3.0
1493,753,5.0
1494,753,5.0
1495,753,5.0
1496,753,5.0
1497,755,4.0
1498,759,5.0
1499,759,5.0
1500,759,5.0
1501,759,5.0
1502,763,5.0
1503,765,4.0
1504,765,5.0
1505,766,5.0
1506,774,5.0
1507,775,5.0
1508,776,5.0
1509,776,5.0
1510,776,5.0
1511,776,2.0
1512,776,5.0
1513,776,5.0
1514,779,5.0
1515,788,4.0
1516,788,3.0
1517,788,5.0
1518,788,3.0
1519,788,5.0
1520,788,5.0
1521,788,5.0
1522,791,5.0
1523,791,5.0
1524,794,5.0
1525,794,5.0
1526,794,5.0
1527,794,5.0
1528,794,5.0
1529,794,5.0
1530,794,5.0
1531,799,5.0
1532,800,5.0
1533,800,5.0
1534,800,3.0
1535,800,5.0
1536,800,5.0
1537,800,5.0
1538,800,4.0
1539,808,1.0
1540,808,1.0
1541,808,5.0
1542,808,4.0
1543,808,5.0
1544,808,4.0
1545,808,4.0
1546,808,3.0
1547,809,1.0
1548,809,5.0
1549,809,1.0
1550,809,5.0
1551,809,5.0
1552,809,5.0
1553,809,5.0
1554,809,3.0
1555,810,5.0
1556,1814,4.0
1556,816,5.0
1557,816,4.0
1558,811,5.0
1559,811,5.0
1560,812,5.0
1561,813,5.0
1562,813,5.0
1563,813,5.0
1564,813,5.0
1565,813,5.0
1566,813,5.0
1567,813,1.0
1568,814,5.0
1569,814,1.0
1570,817,5.0
1571,817,5.0
1572,817,5.0
1573,817,5.0
1574,820,3.0
1575,821,5.0
1576,822,5.0
1577,822,5.0
1578,826,3.0
1579,832,4.0
1580,832,5.0
1581,832,5.0
1582,832,5.0
1583,835,4.0
1584,835,5.0
1585,838,5.0
1586,838,5.0
1587,838,5.0
1588,841,5.0
1589,841,4.0
1590,841,3.0
1591,841,5.0
1592,841,3.0
1593,841,5.0
1594,841,4.0
1595,842,5.0
1596,842,5.0
1597,842,5.0
1598,842,5.0
1599,842,5.0
1600,842,5.0
1601,846,5.0
1602,846,5.0
1603,846,5.0
1604,846,1.0
1605,846,4.0
1606,846,5.0
1607,846,5.0
1608,846,5.0
1609,850,5.0
1610,850,5.0
1611,850,5.0
1612,850,5.0
1613,850,5.0
1614,850,5.0
1615,850,3.0
1616,850,1.0
1617,857,5.0
1618,857,5.0
1619,857,4.0
1620,857,5.0
1621,857,5.0
1622,857,5.0
1623,857,5.0
1624,859,5.0
1625,859,4.0
1626,859,4.0
1627,859,5.0
1628,859,4.0
1629,859,4.0
1630,864,5.0
1631,864,5.0
1632,864,3.0
1633,864,5.0
1634,864,5.0
1635,864,5.0
1636,864,5.0
1637,864,5.0
1638,864,5.0
1639,864,2.0
1640,864,4.0
1641,866,5.0
1642,867,5.0
1643,867,5.0
1644,867,3.0
1645,867,1.0
1646,867,4.0
1647,867,5.0
1648,867,5.0
1649,867,3.0
1650,868,5.0
1651,868,5.0
1652,868,5.0
1653,868,5.0
1654,868,5.0
1655,868,5.0
1656,868,5.0
1657,868,5.0
1658,869,5.0
1659,869,3.0
1660,782,5.0
1661,782,5.0
1662,782,5.0
1663,782,5.0
1664,782,5.0
1665,782,5.0
1666,782,5.0
1667,782,5.0
1668,877,5.0
1669,877,5.0
1670,877,5.0
1671,878,5.0
1672,769,2.0
1673,769,3.0
1674,769,5.0
1675,769,5.0
1676,769,1.0
1677,769,5.0
1678,769,5.0
1679,882,3.0
1680,882,3.0
1681,882,3.0
1682,882,4.0
1683,882,5.0
1684,882,5.0
1685,882,3.0
1686,884,5.0
1687,884,5.0
1688,885,5.0
1689,887,5.0
1690,784,5.0
1691,784,5.0
1692,784,1.0
1693,784,5.0
1694,784,5.0
1695,784,5.0
1696,784,5.0
1697,784,5.0
1698,890,5.0
1699,890,5.0
1700,890,5.0
1701,896,1.0
1702,896,5.0
1703,895,4.0
1704,895,4.0
1705,895,4.0
1706,902,5.0
1707,902,5.0
1708,908,5.0
1709,908,5.0
1710,908,5.0
1711,908,5.0
1712,908,5.0
1713,908,5.0
1714,908,5.0
1715,908,2.0
1716,909,5.0
1717,909,3.0
1718,911,4.0
1719,911,5.0
1720,911,5.0
1721,911,5.0
1722,911,5.0
1723,911,4.0
1724,916,5.0
1725,916,5.0
1726,916,5.0
1727,916,5.0
1728,916,5.0
1729,916,5.0
1730,916,5.0
1731,916,5.0
1732,919,5.0
1733,919,5.0
1734,919,5.0
1735,921,5.0
1736,903,1.0
1737,904,5.0
1738,904,5.0
1739,904,5.0
1740,925,4.0
1741,925,5.0
1742,927,1.0
1743,927,3.0
1744,927,3.0
1745,927,4.0
1746,927,5.0
1747,927,5.0
1748,927,4.0
1749,928,5.0
1750,930,4.0
1751,930,3.0
1752,930,5.0
1753,930,1.0
1754,930,5.0
1755,930,4.0
1756,930,1.0
1757,930,5.0
1758,932,4.0
1759,932,5.0
1760,932,5.0
1761,932,5.0
1762,932,4.0
1763,934,5.0
1764,934,1.0
1765,934,1.0
1766,1701,5.0
1766,936,4.0
1767,936,4.0
1768,936,3.0
1769,936,5.0
1770,936,5.0
1771,936,5.0
1772,936,5.0
1773,936,4.0
1774,937,5.0
1775,937,5.0
1776,937,5.0
1777,937,4.0
1778,937,5.0
1779,937,4.0
1780,905,5.0
1781,905,5.0
1782,905,5.0
1783,905,5.0
1784,905,5.0
1785,905,5.0
1786,905,5.0
1787,905,5.0
1788,1277,4.0
1788,209,4.0
1788,938,4.0
1789,938,5.0
1790,938,4.0
1791,938,5.0
1792,938,5.0
1793,938,5.0
1794,938,3.0
1795,906,5.0
1796,906,5.0
1797,906,5.0
1798,906,5.0
1799,906,5.0
1800,906,5.0
1801,906,5.0
1802,942,1.0
1803,942,5.0
1804,943,5.0
1805,943,5.0
1806,943,5.0
1807,943,4.0
1808,943,5.0
1809,943,5.0
1810,945,5.0
1811,945,4.0
1812,945,4.0
1813,945,3.0
1814,945,2.0
1815,945,5.0
1816,945,5.0
1817,945,1.0
1818,946,5.0
1819,946,4.0
1820,946,5.0
1821,946,5.0
1822,946,5.0
1823,946,3.0
1824,946,5.0
1825,946,5.0
1826,947,5.0
1827,947,5.0
1828,947,5.0
1829,947,4.0
1830,947,3.0
1831,947,5.0
1832,947,5.0
1833,952,5.0
1834,952,5.0
1835,952,5.0
1836,952,1.0
1837,952,3.0
1838,952,5.0
1839,952,5.0
1840,959,5.0
1841,959,4.0
1842,959,5.0
1843,959,4.0
1844,959,4.0
1845,960,5.0
1846,960,3.0
1847,961,5.0
1848,961,5.0
1849,961,5.0
1850,961,3.0
1851,961,5.0
1852,964,5.0
1853,964,4.0
1854,964,5.0
1855,966,5.0
1856,967,5.0
1857,968,5.0
1858,968,1.0
1859,968,5.0
1860,968,5.0
1861,968,4.0
1862,968,4.0
1863,968,5.0
1864,968,1.0
1865,969,4.0
1866,969,5.0
1867,969,5.0
1868,969,5.0
1869,969,5.0
1870,969,5.0
1871,976,5.0
1872,978,3.0
1873,978,4.0
1874,978,3.0
1875,978,5.0
1876,978,5.0
1877,978,4.0
1878,978,5.0
1879,980,4.0
1880,983,4.0
1881,983,5.0
1882,983,1.0
1883,983,4.0
1884,983,5.0
1885,983,3.0
1886,984,4.0
1887,984,5.0
1888,984,2.0
1889,984,5.0
1890,984,4.0
1891,984,3.0
1892,984,4.0
1893,986,4.0
1894,989,4.0
1895,989,1.0
1896,989,5.0
1897,989,5.0
1898,1488,5.0
1899,1488,5.0
1900,1488,5.0
1901,1488,4.0
1902,1488,5.0
1903,1488,5.0
1904,994,5.0
1905,994,5.0
1906,994,5.0
1907,994,1.0
1908,994,3.0
1909,994,4.0
1910,994,4.0
1911,994,5.0
1912,995,5.0
1913,998,5.0
1914,1002,4.0
1915,1002,4.0
1916,1002,5.0
1917,1002,4.0
1918,1002,5.0
1919,1002,5.0
1920,1002,5.0
1921,1003,5.0
1922,1003,5.0
1923,1003,5.0
1924,1005,5.0
1925,1005,5.0
1926,1005,4.0
1927,1006,5.0
1928,1006,5.0
1929,1026,4.0
1929,1505,4.0
1929,1006,5.0
1930,1006,5.0
1931,1006,5.0
1932,1006,3.0
1933,1006,5.0
1934,1006,4.0
1935,1009,2.0
1936,1009,5.0
1937,1009,3.0
1938,1009,5.0
1939,1009,5.0
1940,1826,4.0
1940,1011,3.0
1941,1011,5.0
1942,1011,1.0
1943,1015,5.0
1944,1016,5.0
1945,1016,5.0
1946,1016,5.0
1947,1016,1.0
1948,1016,3.0
1949,1016,5.0
1950,1016,5.0
1951,1018,5.0
1952,1018,1.0
1953,1018,5.0
1954,1020,5.0
1955,1020,5.0
1956,1020,5.0
1957,1020,5.0
1958,1020,5.0
1959,1020,5.0
1960,1020,1.0
1961,1025,5.0
1962,1025,5.0
1963,1025,5.0
1964,1025,5.0
1965,1024,4.0
1966,1024,3.0
1967,1024,5.0
1968,1505,4.0
1968,1684,5.0
1968,1026,3.0
1969,1026,5.0
1970,1026,5.0
1971,1026,5.0
1972,1026,5.0
1973,1026,5.0
1974,1026,5.0
1975,1026,5.0
1976,1026,5.0
1977,1737,4.0
1977,1791,4.0
1977,1030,4.0
1978,1030,5.0
1979,1030,5.0
1980,1030,5.0
1981,1030,3.0
1982,1030,5.0
1983,1030,4.0
1984,1032,4.0
1985,1032,5.0
1986,1032,5.0
1987,1032,5.0
1988,1032,2.0
1989,1032,5.0
1990,1032,1.0
1991,1032,1.0
1992,1033,5.0
1993,1033,5.0
1994,1791,4.0
1994,1033,5.0
1995,1033,5.0
1996,1033,5.0
1997,1033,5.0
1998,1033,5.0
1999,1035,5.0
2000,1035,4.0
2001,1037,4.0
2002,1037,5.0
2003,1037,5.0
2004,1037,5.0
2005,1037,5.0
2006,1037,4.0
2007,1037,1.0
2008,1037,1.0
2009,1040,5.0
2010,1040,4.0
2011,1040,5.0
2012,1040,5.0
2013,1040,5.0
2014,1040,5.0
2015,1040,5.0
2016,1040,5.0
2017,1041,3.0
2018,1041,5.0
2019,1044,5.0
2020,1044,5.0
2021,1742,5.0
2021,1044,5.0
2022,1044,4.0
2023,1044,4.0
2024,1044,4.0
2025,1044,5.0
2026,1044,5.0
2027,1044,3.0
2028,1044,5.0
2029,1044,4.0
2030,1051,5.0
2031,1051,4.0
2032,1051,1.0
2033,1053,5.0
2034,1053,5.0
2035,1053,5.0
2036,1053,5.0
2037,1054,3.0
2038,1054,5.0
2039,1054,4.0
2040,1054,4.0
2041,1054,4.0
2042,1054,5.0
2043,1054,5.0
2044,1054,5.0
2045,1055,1.0
2046,1055,5.0
2047,1055,5.0
2048,1057,5.0
2049,1057,5.0
2050,1057,5.0
2051,1057,4.0
2052,1057,4.0
2053,1057,4.0
2054,1057,5.0
2055,1058,4.0
2056,1058,5.0
2057,1058,5.0
2058,1058,5.0
2059,1058,4.0
2060,1058,5.0
2061,1058,4.0
2062,1060,5.0
2063,1060,5.0
2064,1060,5.0
2065,1061,5.0
2066,1061,5.0
2067,1061,5.0
2068,1061,3.0
2069,1061,5.0
2070,1013,4.0
2071,1561,5.0
2071,1013,4.0
2072,1013,5.0
2073,1013,5.0
2074,1013,5.0
2075,1013,4.0
2076,1063,4.0
2077,1063,5.0
2078,1063,5.0
2079,1063,4.0
2080,1063,5.0
2081,1063,5.0
2082,1063,5.0
2083,1063,5.0
2084,1064,5.0
2085,1064,5.0
2086,1065,5.0
2087,1065,5.0
2088,991,4.0
2089,991,5.0
2090,991,5.0
2091,991,4.0
2092,991,5.0
2093,991,5.0
2094,991,5.0
2095,1068,5.0
2096,1068,5.0
2097,1068,5.0
2098,1068,5.0
2099,1070,5.0
2100,1070,5.0
2101,1070,5.0
2102,1071,4.0
2103,1071,5.0
2104,1071,5.0
2105,1071,5.0
2106,1071,5.0
2107,1071,5.0
2108,1071,5.0
2109,1071,4.0
2110,1072,5.0
2111,1072,5.0
2112,1072,4.0
2113,1072,5.0
2114,1072,3.0
2115,1724,3.0
2115,1072,3.0
2116,1072,5.0
2117,1072,5.0
2118,1077,3.0
2119,1080,4.0
2120,1080,4.0
2121,1080,5.0
2122,1080,5.0
2123,1082,4.0
2124,1082,5.0
2125,1082,5.0
2126,1083,5.0
2127,1083,5.0
2128,1083,5.0
2129,1083,5.0
2130,1083,4.0
2131,1083,5.0
2132,1083,4.0
2133,1742,5.0
2133,1084,5.0
2134,1084,5.0
2135,1084,5.0
2136,96,4.0
2136,1084,5.0
2137,1648,5.0
2137,892,0.0
2137,1084,4.0
2137,1183,5.0
2138,1084,4.0
2139,1085,5.0
2140,1085,5.0
2141,1086,5.0
2142,1086,5.0
2143,1086,5.0
2144,1086,5.0
2145,1086,5.0
2146,1086,5.0
2147,1086,5.0
2148,1086,5.0
2149,1598,5.0
2149,195,5.0
2149,1737,5.0
2149,1273,5.0
2149,1088,4.0
2149,1762,4.0
2150,1088,5.0
2151,1088,5.0
2152,1088,1.0
2153,1088,3.0
2154,1088,4.0
2155,1088,4.0
2156,1088,4.0
2157,1088,5.0
2158,1088,1.0
2159,1088,3.0
2160,1088,5.0
2161,1092,5.0
2162,1092,5.0
2163,1092,5.0
2164,1092,5.0
2165,1092,5.0
2166,1092,4.0
2167,1092,5.0
2168,1092,1.0
2169,1093,5.0
2170,1093,5.0
2171,1093,5.0
2172,1093,4.0
2173,1093,4.0
2174,1093,5.0
2175,1093,5.0
2176,1093,5.0
2177,1098,4.0
2178,1098,4.0
2179,1098,5.0
2180,1098,3.0
2181,1098,5.0
2182,1098,1.0
2183,1098,5.0
2184,1098,4.0
2185,1004,2.0
2186,1103,5.0
2187,1103,5.0
2188,1103,5.0
2189,1105,5.0
2190,1105,4.0
2191,1105,5.0
2192,1105,5.0
2193,1105,5.0
2194,1105,5.0
2195,1106,5.0
2196,1108,4.0
2197,1108,5.0
2198,1108,5.0
2199,1108,5.0
2200,1108,5.0
2201,1108,3.0
2202,1113,2.0
2203,1113,3.0
2204,1125,5.0
2205,1125,5.0
2206,1125,5.0
2207,1126,5.0
2208,736,5.0
2208,1127,5.0
2209,1130,5.0
2210,1131,5.0
2211,1133,5.0
2212,1133,5.0
2213,1133,1.0
2214,1133,5.0
2215,1133,3.0
2216,1133,5.0
2217,1133,4.0
2218,1134,5.0
2219,1134,5.0
2220,1134,5.0
2221,1135,4.0
2222,1135,4.0
2223,1135,5.0
2224,1135,5.0
2225,1135,5.0
2226,1135,3.0
2227,1135,5.0
2228,1136,5.0
2229,1136,5.0
2230,1136,5.0
2231,1136,5.0
2232,1136,3.0
2233,1136,5.0
2234,1136,5.0
2235,1136,5.0
2236,1137,5.0
2237,1137,4.0
2238,1137,5.0
2239,1137,5.0
2240,1137,3.0
2241,1137,5.0
2242,1137,5.0
2243,1138,3.0
2244,1138,5.0
2245,1138,5.0
2246,1138,5.0
2247,1138,1.0
2248,1140,4.0
2249,1140,4.0
2250,1140,5.0
2251,1140,5.0
2252,1140,4.0
2253,1140,3.0
2254,25,5.0
2254,1140,5.0
2255,1140,4.0
2256,1141,5.0
2257,1141,4.0
2258,1141,5.0
2259,1141,5.0
2260,1141,5.0
2261,1141,5.0
2262,1146,5.0
2263,1146,5.0
2264,1146,5.0
2265,1146,5.0
2266,1146,5.0
2267,1146,5.0
2268,1146,1.0
2269,1146,5.0
2270,1147,5.0
2271,1147,5.0
2272,1148,3.0
2273,1148,4.0
2274,1148,5.0
2275,1149,5.0
2276,1149,5.0
2277,1149,5.0
2278,1149,5.0
2279,1149,3.0
2280,1149,5.0
2281,1149,5.0
2282,1151,5.0
2283,1151,3.0
2284,1151,5.0
2285,1153,5.0
2286,1153,5.0
2287,1153,4.0
2288,1153,5.0
2289,1153,5.0
2290,1153,5.0
2291,1153,5.0
2292,1158,4.0
2293,1158,5.0
2294,1158,5.0
2295,1158,5.0
2296,1158,5.0
2297,1158,4.0
2298,1160,5.0
2299,1160,5.0
2300,1160,5.0
2301,1160,4.0
2302,1160,5.0
2303,1160,5.0
2304,1165,5.0
2305,1165,5.0
2306,1165,5.0
2307,1165,4.0
2308,1165,5.0
2309,1168,5.0
2310,1168,5.0
2311,1168,5.0
2312,1168,5.0
2313,1168,5.0
2314,1168,5.0
2315,1767,3.0
2315,1169,5.0
2316,1169,4.0
2317,1169,5.0
2318,1169,5.0
2319,993,5.0
2320,993,4.0
2321,993,5.0
2322,993,4.0
2323,993,5.0
2324,993,4.0
2325,1176,3.0
2326,1176,5.0
2327,1177,5.0
2328,1177,1.0
2329,1177,3.0
2330,1177,5.0
2331,1177,5.0
2332,1177,5.0
2333,1179,1.0
2334,1179,1.0
2335,1179,5.0
2336,1182,5.0
2337,1182,4.0
2338,1182,3.0
2339,1182,5.0
2340,1182,5.0
2341,1182,5.0
2342,1182,5.0
2343,1184,5.0
2344,1184,5.0
2345,1184,4.0
2346,1184,4.0
2347,1184,4.0
2348,1184,4.0
2349,1184,2.0
2350,1187,5.0
2351,1187,5.0
2352,1189,5.0
2353,1189,1.0
2354,1189,5.0
2355,1189,4.0
2356,1189,4.0
2357,1189,5.0
2358,1189,5.0
2359,1189,3.0
2360,1193,5.0
2361,1193,5.0
2362,1193,5.0
2363,1193,5.0
2364,1193,5.0
2365,1193,5.0
2366,1194,4.0
2367,1194,5.0
2368,1194,5.0
2369,1194,5.0
2370,1194,5.0
2371,1194,5.0
2372,1194,3.0
2373,1194,2.0
2374,1198,5.0
2375,1206,4.0
2376,1206,4.0
2377,1206,1.0
2378,1206,4.0
2379,1206,3.0
2380,1206,2.0
2381,1206,5.0
2382,1206,5.0
2383,1273,4.0
2384,1273,4.0
2385,1273,5.0
2386,1273,4.0
2387,1273,5.0
2388,1211,4.0
2389,1211,5.0
2390,1211,5.0
2391,1211,3.0
2392,1211,5.0
2393,1211,5.0
2394,1212,5.0
2395,1213,1.0
2396,1216,4.0
2397,1216,3.0
2398,1217,3.0
2399,1217,5.0
2400,1217,3.0
2401,1217,5.0
2402,1217,5.0
2403,1217,5.0
2404,1217,5.0
2405,1217,5.0
2406,1220,5.0
2407,1220,4.0
2408,1220,4.0
2409,1220,5.0
2410,1220,3.0
2411,1220,5.0
2412,1220,5.0
2413,1221,3.0
2414,1222,5.0
2415,1222,4.0
2416,1222,5.0
2417,1222,4.0
2418,1222,3.0
2419,1222,5.0
2420,1222,4.0
2421,1222,2.0
2422,1225,5.0
2423,1224,4.0
2424,1224,4.0
2425,1224,5.0
2426,1224,5.0
2427,1224,5.0
2428,1224,3.0
2429,1224,3.0
2430,1228,5.0
2431,1229,4.0
2432,1229,5.0
2433,1229,5.0
2434,1230,5.0
2435,1230,3.0
2436,1232,5.0
2437,1232,5.0
2438,1232,5.0
2439,1232,4.0
2440,1232,5.0
2441,1232,5.0
2442,1233,5.0
2443,1233,1.0
2444,1233,5.0
2445,1234,5.0
2446,1234,5.0
2447,1234,5.0
2448,1234,5.0
2449,1234,5.0
2450,1237,3.0
2451,1237,4.0
2452,1237,5.0
2453,1237,4.0
2454,1237,3.0
2455,1237,3.0
2456,1237,3.0
2457,1238,1.0
2458,1238,5.0
2459,1240,3.0
2460,1240,5.0
2461,1240,5.0
2462,1240,5.0
2463,1240,5.0
2464,1240,2.0
2465,1240,5.0
2466,1242,5.0
2467,1242,3.0
2468,1242,5.0
2469,1248,5.0
2470,1248,1.0
2471,1248,1.0
2472,1248,5.0
2473,1248,1.0
2474,1248,1.0
2475,1248,5.0
2476,1248,1.0
2477,1250,4.0
2478,1250,5.0
2479,1250,5.0
2480,1250,5.0
2481,1250,5.0
2482,1250,5.0
2483,1250,5.0
2484,1250,5.0
2485,1253,5.0
2486,1254,5.0
2487,1254,4.0
2488,1254,5.0
2489,1254,1.0
2490,1254,4.0
2491,1254,5.0
2492,1254,5.0
2493,1465,5.0
2494,1465,5.0
2495,1465,5.0
2496,1465,5.0
2497,1465,5.0
2498,1465,4.0
2499,1465,3.0
2500,1465,5.0
2501,1256,5.0
2502,1256,3.0
2503,1256,5.0
2504,1256,5.0
2505,1256,5.0
2506,1256,5.0
2507,1256,5.0
2508,1256,4.0
2509,1258,5.0
2510,1258,1.0
2511,1259,5.0
2512,1261,3.0
2513,1262,5.0
2514,1268,2.0
2515,1268,1.0
2516,1268,5.0
2517,1268,3.0
2518,1268,2.0
2519,1268,5.0
2520,1268,5.0
2521,1202,5.0
2522,1202,5.0
2523,1202,5.0
2524,1202,5.0
2525,1202,5.0
2526,1202,5.0
2527,1272,5.0
2528,1272,3.0
2529,1272,5.0
2530,1272,5.0
2531,1272,5.0
2532,1272,4.0
2533,1272,3.0
2534,1272,5.0
2535,1275,5.0
2536,1275,5.0
2537,1275,5.0
2538,1275,5.0
2539,1275,5.0
2540,1277,5.0
2541,1281,5.0
2542,1283,5.0
2543,1284,5.0
2544,1203,5.0
2545,1203,5.0
2546,1203,1.0
2547,1203,5.0
2548,1203,5.0
2549,1203,5.0
2550,1203,5.0
2551,1203,5.0
2552,1292,4.0
2553,1292,4.0
2554,1292,3.0
2555,1292,4.0
2556,1292,5.0
2557,1292,5.0
2558,1293,5.0
2559,1293,5.0
2560,1293,5.0
2561,1293,5.0
2562,1293,5.0
2563,1293,5.0
2564,1297,5.0
2565,1297,5.0
2566,1297,5.0
2567,1297,5.0
2568,1298,4.0
2569,1300,5.0
2570,1300,4.0
2571,1302,3.0
2572,1305,3.0
2573,1305,5.0
2574,1305,1.0
2575,1305,5.0
2576,1305,5.0
2577,1305,4.0
2578,1305,5.0
2579,1307,5.0
2580,1307,5.0
2581,1307,5.0
2582,1309,4.0
2583,1309,5.0
2584,1309,5.0
2585,1309,5.0
2586,1309,5.0
2587,1313,5.0
2588,1313,5.0
2589,1325,3.0
2590,1325,5.0
2591,1325,5.0
2592,1325,5.0
2593,1325,5.0
2594,1325,5.0
2595,1325,5.0
2596,1325,5.0
2597,1326,5.0
2598,1329,5.0
2599,1329,5.0
2600,1329,5.0
2601,1329,5.0
2602,1329,5.0
2603,1329,5.0
2604,1329,5.0
2605,1329,5.0
2606,1331,1.0
2607,1331,5.0
2608,1332,5.0
2609,1332,5.0
2610,1332,5.0
2611,1332,5.0
2612,1332,5.0
2613,1332,5.0
2614,1332,5.0
2615,1333,4.0
2616,1333,5.0
2617,1335,5.0
2618,1335,4.0
2619,1335,5.0
2620,1335,5.0
2621,1335,5.0
2622,1337,5.0
2623,1337,5.0
2624,1337,3.0
2625,1337,5.0
2626,1337,5.0
2627,1337,3.0
2628,1337,3.0
2629,1337,5.0
2630,1338,4.0
2631,1338,5.0
2632,1338,5.0
2633,1338,5.0
2634,1339,5.0
2635,1339,5.0
2636,1339,5.0
2637,1339,5.0
2638,1339,5.0
2639,1339,5.0
2640,1339,5.0
2641,1339,5.0
2642,1345,5.0
2643,1345,5.0
2644,1345,1.0
2645,1345,5.0
2646,1345,5.0
2647,1345,1.0
2648,1345,1.0
2649,1345,3.0
2650,1346,5.0
2651,1346,5.0
2652,1346,4.0
2653,1346,5.0
2654,1346,5.0
2655,1346,3.0
2656,1346,4.0
2657,1347,5.0
2658,1347,5.0
2659,1347,5.0
2660,1347,1.0
2661,1347,4.0
2662,1347,5.0
2663,1347,5.0
2664,1347,5.0
2665,1350,4.0
2666,1350,5.0
2667,1358,5.0
2668,1355,5.0
2669,1357,1.0
2670,1357,5.0
2671,1357,4.0
2672,1357,3.0
2673,1357,5.0
2674,1357,4.0
2675,1357,5.0
2676,1315,5.0
2677,1315,5.0
2678,1315,5.0
2679,1315,5.0
2680,1315,5.0
2681,1315,5.0
2682,1315,5.0
2683,1316,5.0
2684,1316,5.0
2685,1316,5.0
2686,1316,5.0
2687,1316,5.0
2688,1316,5.0
2689,1316,5.0
2690,1316,5.0
2691,1368,5.0
2692,1368,5.0
2693,1368,5.0
2694,1368,5.0
2695,1368,5.0
2696,1368,5.0
2697,1368,5.0
2698,1368,5.0
2699,1373,5.0
2700,1373,5.0
2701,1373,3.0
2702,1373,5.0
2703,1373,5.0
2704,1394,5.0
2705,1394,5.0
2706,1397,4.0
2707,1397,5.0
2708,1397,5.0
2709,1397,5.0
2710,1397,5.0
2711,1397,5.0
2712,1396,3.0
2713,1396,5.0
2714,1399,5.0
2715,1399,3.0
2716,1399,5.0
2717,1399,5.0
2718,1399,5.0
2719,1399,1.0
2720,1399,5.0
2721,1401,5.0
2722,1401,5.0
2723,1401,5.0
2724,1401,1.0
2725,1401,5.0
2726,1401,3.0
2727,1401,4.0
2728,1401,4.0
2729,1406,4.0
2730,1406,3.0
2731,1406,3.0
2732,1406,5.0
2733,1406,3.0
2734,1406,4.0
2735,1406,4.0
2736,1406,4.0
2737,1406,3.0
2738,1406,2.0
2739,1406,5.0
2740,1406,5.0
2741,1406,5.0
2742,1406,2.0
2743,1406,4.0
2744,1406,4.0
2745,1413,1.0
2746,1413,5.0
2747,1413,5.0
2748,1415,3.0
2749,1415,2.0
2750,1415,5.0
2751,1415,5.0
2752,1415,5.0
2753,1415,5.0
2754,1415,5.0
2755,1415,5.0
2756,1418,2.0
2757,1418,5.0
2758,1418,5.0
2759,1418,5.0
2760,1418,4.0
2761,1418,2.0
2762,1418,1.0
2763,1418,2.0
2764,1420,5.0
2765,1420,5.0
2766,1820,5.0
2766,1420,5.0
2767,1420,5.0
2768,1420,5.0
2769,1420,5.0
2770,1424,5.0
2771,1424,4.0
2772,1424,5.0
2773,1424,4.0
2774,1424,5.0
2775,1424,5.0
2776,1424,1.0
2777,448,5.0
2777,1426,5.0
2778,1426,5.0
2779,1426,5.0
2780,1428,5.0
2781,1428,5.0
2782,1428,4.0
2783,1428,5.0
2784,1428,4.0
2785,1428,5.0
2786,1428,5.0
2787,1428,4.0
2788,1429,5.0
2789,1433,4.0
2790,1433,5.0
2791,1433,4.0
2792,1433,4.0
2793,1433,3.0
2794,1433,5.0
2795,1433,5.0
2796,1433,5.0
2797,1435,5.0
2798,1435,5.0
2799,1438,3.0
2800,1575,4.0
2800,1439,4.0
2801,1439,4.0
2802,1439,5.0
2803,1439,5.0
2804,1439,5.0
2805,1439,5.0
2806,1439,5.0
2807,1443,5.0
2808,1443,5.0
2809,1449,5.0
2810,1449,1.0
2811,1449,5.0
2812,1449,5.0
2813,1449,5.0
2814,1449,5.0
2815,1449,5.0
2816,1449,5.0
2817,1450,5.0
2818,1450,3.0
2819,1450,5.0
2820,1450,4.0
2821,1450,5.0
2822,1450,4.0
2823,1460,1.0
2824,1460,5.0
2825,1460,4.0
2826,1460,5.0
2827,1460,5.0
2828,1460,5.0
2829,1464,4.0
2830,1464,4.0
2831,1464,5.0
2832,1464,5.0
2833,1464,5.0
2834,1464,5.0
2835,1464,5.0
2836,1464,5.0
2837,1467,4.0
2838,1469,3.0
2839,1469,5.0
2840,1469,5.0
2841,1469,5.0
2842,1833,5.0
2842,1782,5.0
2842,1469,4.0
2843,1469,5.0
2844,1469,5.0
2845,1471,5.0
2846,1471,5.0
2847,1471,5.0
2848,1471,5.0
2849,1471,5.0
2850,1471,5.0
2851,1471,5.0
2852,1471,1.0
2853,1474,2.0
2854,1474,5.0
2855,1474,4.0
2856,1474,4.0
2857,1474,5.0
2858,1475,5.0
2859,1475,4.0
2860,1598,5.0
2860,1479,5.0
2861,1479,5.0
2862,1479,5.0
2863,1480,5.0
2864,1480,5.0
2865,1480,5.0
2866,1482,5.0
2867,1318,5.0
2868,1318,1.0
2869,1318,1.0
2870,1318,4.0
2871,1318,1.0
2872,1318,5.0
2873,1318,5.0
2874,1318,5.0
2875,1486,5.0
2876,1501,5.0
2876,1487,5.0
2877,1487,5.0
2878,1825,5.0
2878,1487,5.0
2879,1487,4.0
2880,1487,5.0
2881,1487,3.0
2882,144,5.0
2883,1490,5.0
2884,1490,5.0
2885,1489,5.0
2886,1495,5.0
2887,1495,5.0
2888,1495,5.0
2889,1495,3.0
2890,1495,5.0
2891,1495,1.0
2892,1495,4.0
2893,1496,5.0
2894,1496,5.0
2895,1496,5.0
2896,1496,1.0
2897,1497,5.0
2898,1497,5.0
2899,1499,4.0
2900,1499,4.0
2901,1499,5.0
2902,1499,1.0
2903,1499,5.0
2904,1499,5.0
2905,1499,4.0
2906,1499,3.0
2907,1500,4.0
2908,1500,3.0
2909,1505,4.0
2910,1505,4.0
2911,1505,5.0
2912,1505,5.0
2913,1505,5.0
2914,1505,5.0
2915,331,5.0
2916,331,4.0
2917,331,5.0
2918,331,5.0
2919,1508,5.0
2920,1516,5.0
2921,1516,5.0
2922,1516,5.0
2923,1516,5.0
2924,1516,5.0
2925,1516,5.0
2926,1519,5.0
2927,1519,5.0
2928,1519,2.0
2929,1519,3.0
2930,1519,4.0
2931,1519,5.0
2932,1519,5.0
2933,1519,4.0
2934,1525,5.0
2935,1525,5.0
2936,1526,4.0
2937,1526,4.0
2938,1526,3.0
2939,1526,3.0
2940,1526,5.0
2941,1526,5.0
2942,1320,5.0
2943,1530,2.0
2944,1530,5.0
2945,1533,5.0
2946,1533,5.0
2947,1533,5.0
2948,1535,5.0
2949,1538,5.0
2950,1539,5.0
2951,1539,5.0
2952,1539,5.0
2953,1539,4.0
2954,1539,5.0
2955,1539,5.0
2956,1539,5.0
2957,1539,5.0
2958,1540,4.0
2959,1540,5.0
2960,1540,3.0
2961,1540,4.0
2962,1540,5.0
2963,1540,5.0
2964,1540,5.0
2965,1544,4.0
2966,1544,5.0
2967,1322,4.0
2968,1322,4.0
2969,1322,1.0
2970,1322,3.0
2971,1322,5.0
2972,1322,4.0
2973,1322,5.0
2974,1322,3.0
2975,1548,5.0
2976,1548,5.0
2977,1548,5.0
2978,1548,5.0
2979,1548,5.0
2980,1548,5.0
2981,1548,4.0
2982,1548,5.0
2983,1553,5.0
2984,1554,5.0
2985,1554,5.0
2986,1554,5.0
2987,1554,5.0
2988,1554,5.0
2989,1554,5.0
2990,1554,5.0
2991,1554,5.0
2992,1555,4.0
2993,1559,4.0
2994,1559,5.0
2995,1559,4.0
2996,1559,5.0
2997,1559,5.0
2998,1559,4.0
2999,1839,5.0
3000,190,5.0
3001,190,5.0
3002,190,4.0
3003,1566,1.0
3004,1566,5.0
3005,1567,4.0
3006,1567,4.0
3007,1567,3.0
3008,1567,5.0
3009,1567,5.0
3010,372,5.0
3010,1567,4.0
3011,234,5.0
3012,234,5.0
3013,234,5.0
3014,234,5.0
3015,234,5.0
3016,234,3.0
3017,234,5.0
3018,234,5.0
3019,1569,4.0
3020,1569,3.0
3021,1569,5.0
3022,1569,5.0
3023,1569,5.0
3024,1569,5.0
3025,209,4.0
3026,209,4.0
3027,209,3.0
3028,209,5.0
3029,1573,4.0
3030,1573,5.0
3031,1573,5.0
3032,1573,5.0
3033,1570,5.0
3034,1571,5.0
3035,1571,5.0
3036,1571,5.0
3037,1571,4.0
3038,1571,4.0
3039,1571,5.0
3040,1572,2.0
3041,1572,5.0
3042,1572,5.0
3043,1572,5.0
3044,1572,4.0
3045,1572,4.0
3046,1572,5.0
3047,1574,5.0
3048,1574,5.0
3049,1574,3.0
3050,1574,4.0
3051,1574,5.0
3052,1574,5.0
3053,1575,4.0
3054,1575,4.0
3055,1575,4.0
3056,1575,5.0
3057,1575,3.0
3058,1578,5.0
3059,1578,5.0
3060,1578,5.0
3061,1581,1.0
3062,1581,4.0
3063,1581,2.0
3064,1586,5.0
3065,1577,5.0
3066,1577,1.0
3067,1577,3.0
3068,1577,5.0
3069,1577,5.0
3070,1577,4.0
3071,1577,3.0
3072,1577,5.0
3073,1587,4.0
3074,1587,3.0
3075,1587,5.0
3076,1587,3.0
3077,1587,5.0
3078,1587,5.0
3079,1587,4.0
3080,1588,5.0
3081,1588,5.0
3082,1589,5.0
3083,1589,5.0
3084,1589,5.0
3085,1589,5.0
3086,1589,5.0
3087,1589,5.0
3088,1589,4.0
3089,1589,4.0
3090,1596,5.0
3091,1600,2.0
3092,1600,2.0
3093,1600,5.0
3094,1600,5.0
3095,1602,4.0
3096,1602,5.0
3097,1602,5.0
3098,1602,5.0
3099,273,5.0
3099,1602,4.0
3100,1602,5.0
3101,1602,5.0
3102,1604,1.0
3103,1605,3.0
3104,1605,5.0
3105,1605,5.0
3106,1605,5.0
3107,1605,4.0
3108,1605,5.0
3109,1605,5.0
3110,1610,4.0
3111,1610,5.0
3112,1610,4.0
3113,1610,3.0
3114,1610,4.0
3115,1610,5.0
3116,1610,5.0
3117,1611,4.0
3118,1612,5.0
3119,1612,5.0
3120,1612,5.0
3121,1613,5.0
3122,1613,5.0
3123,1613,5.0
3124,1613,4.0
3125,1613,5.0
3126,1613,5.0
3127,1613,5.0
3128,1613,3.0
3129,1614,5.0
3130,1614,5.0
3131,1614,5.0
3132,1614,4.0
3133,1614,4.0
3134,1614,3.0
3135,1617,4.0
3136,1617,1.0
3137,1617,5.0
3138,1618,5.0
3139,1590,5.0
3140,1590,5.0
3141,1621,5.0
3142,1625,5.0
3143,1625,3.0
3144,1625,5.0
3145,1625,5.0
3146,1625,5.0
3147,1625,5.0
3148,1625,4.0
3149,1625,3.0
3150,1626,5.0
3151,1626,4.0
3152,1626,4.0
3153,1626,4.0
3154,1626,5.0
3155,1626,4.0
3156,1626,4.0
3157,1627,3.0
3158,1627,3.0
3159,1627,5.0
3160,1627,5.0
3161,1627,4.0
3162,1627,5.0
3163,1628,5.0
3164,1631,5.0
3165,1631,1.0
3166,1631,5.0
3167,1631,5.0
3168,1634,5.0
3169,1634,3.0
3170,1634,5.0
3171,1634,5.0
3172,1634,5.0
3173,1636,5.0
3174,1636,4.0
3175,1637,5.0
3176,1638,5.0
3177,1638,5.0
3178,1638,3.0
3179,1638,4.0
3180,1638,5.0
3181,1638,4.0
3182,1638,5.0
3183,1638,4.0
3184,1639,5.0
3185,1639,4.0
3186,1639,5.0
3187,1639,5.0
3188,1639,5.0
3189,1641,5.0
3190,1641,5.0
3191,1643,5.0
3192,1643,4.0
3193,1643,5.0
3194,1643,5.0
3195,1643,5.0
3196,1643,5.0
3197,1643,1.0
3198,1833,4.0
3199,1833,4.0
3200,1833,1.0
3201,1833,4.0
3202,1833,4.0
3203,1833,4.0
3204,1648,5.0
3205,1648,5.0
3206,1648,5.0
3207,1651,5.0
3208,1651,3.0
3209,1651,4.0
3210,1651,1.0
3211,1652,5.0
3212,1652,5.0
3213,1652,3.0
3214,1652,3.0
3215,1652,5.0
3216,1652,5.0
3217,1654,5.0
3218,1657,5.0
3219,1657,4.0
3220,1658,3.0
3221,1658,2.0
3222,1658,5.0
3223,1658,5.0
3224,1659,5.0
3225,1659,4.0
3226,1659,5.0
3227,1659,5.0
3228,1659,5.0
3229,1659,5.0
3230,1660,4.0
3231,1660,3.0
3232,1660,5.0
3233,1660,5.0
3234,1660,4.0
3235,1660,5.0
3236,1661,4.0
3237,1661,4.0
3238,1661,5.0
3239,1661,4.0
3240,1661,5.0
3241,1664,1.0
3242,1664,2.0
3243,1664,5.0
3244,1664,4.0
3245,1664,4.0
3246,1664,4.0
3247,1666,3.0
3248,1666,5.0
3249,1666,4.0
3250,1666,5.0
3251,1666,4.0
3252,1666,5.0
3253,1666,4.0
3254,1667,5.0
3255,1667,4.0
3256,1667,4.0
3257,1669,5.0
3258,1669,5.0
3259,1669,5.0
3260,1669,5.0
3261,1669,5.0
3262,1671,5.0
3263,1671,5.0
3264,1679,5.0
3265,1679,5.0
3266,1679,5.0
3267,1679,5.0
3268,1681,5.0
3269,1681,5.0
3270,1681,4.0
3271,1595,5.0
3272,1595,5.0
3273,1595,5.0
3274,1595,5.0
3275,1595,5.0
3276,1595,5.0
3277,1595,5.0
3278,1595,5.0
3279,1142,5.0
3280,1142,5.0
3281,1142,5.0
3282,1142,5.0
3283,1142,5.0
3284,1691,5.0
3285,1691,5.0
3286,1691,5.0
3287,1693,4.0
3288,1693,3.0
3289,1693,5.0
3290,1693,5.0
3291,1693,5.0
3292,1699,4.0
3293,1699,5.0
3294,1699,5.0
3295,1699,4.0
3296,1699,4.0
3297,1699,4.0
3298,1700,5.0
3299,1701,5.0
3300,1701,3.0
3301,1701,5.0
3302,1701,1.0
3303,1701,4.0
3304,1701,5.0
3305,1701,5.0
3306,1702,5.0
3307,1702,3.0
3308,1702,5.0
3309,1702,4.0
3310,1702,5.0
3311,1702,5.0
3312,1702,5.0
3313,1702,5.0
3314,1708,5.0
3315,1708,5.0
3316,1708,5.0
3317,1709,5.0
3318,1709,5.0
3319,1710,5.0
3320,1710,5.0
3321,1710,5.0
3322,1716,4.0
3323,1716,5.0
3324,1722,5.0
3325,1722,5.0
3326,1722,4.0
3327,1722,5.0
3328,1722,4.0
3329,1722,5.0
3330,1722,5.0
3331,1724,5.0
3332,1724,4.0
3333,1724,4.0
3334,1724,5.0
3335,1724,5.0
3336,1724,5.0
3337,1724,5.0
3338,1725,5.0
3339,1725,5.0
3340,1725,5.0
3341,1725,4.0
3342,1725,5.0
3343,1725,5.0
3344,1726,5.0
3345,1726,5.0
3346,1726,5.0
3347,1726,5.0
3348,1726,4.0
3349,1726,5.0
3350,1726,5.0
3351,1727,4.0
3352,1728,4.0
3353,1728,4.0
3354,1728,5.0
3355,1728,5.0
3356,1728,5.0
3357,448,4.0
3357,1737,5.0
3358,1737,4.0
3359,1739,4.0
3360,1739,5.0
3361,1739,5.0
3362,1739,5.0
3363,1739,4.0
3364,1741,5.0
3365,1741,5.0
3366,1741,1.0
3367,1741,4.0
3368,1741,1.0
3369,1741,1.0
3370,1741,5.0
3371,1741,5.0
3372,1744,5.0
3373,1744,5.0
3374,1744,5.0
3375,1744,5.0
3376,1744,5.0
3377,1744,5.0
3378,1744,5.0
3379,1744,5.0
3380,1735,4.0
3381,1735,5.0
3382,1735,5.0
3383,1735,5.0
3384,1746,5.0
3385,1746,5.0
3386,1746,5.0
3387,1746,5.0
3388,1746,3.0
3389,1746,3.0
3390,1746,5.0
3391,1746,5.0
3392,1749,4.0
3393,1751,5.0
3394,1757,4.0
3395,1757,4.0
3396,1757,5.0
3397,1757,5.0
3398,1757,5.0
3399,1757,5.0
3400,1758,5.0
3401,1758,5.0
3402,1758,5.0
3403,1758,5.0
3404,1758,4.0
3405,1758,5.0
3406,1760,5.0
3407,1762,5.0
3408,1762,5.0
3409,1762,5.0
3410,1762,5.0
3411,1762,5.0
3412,1762,5.0
3413,1695,4.0
3414,1695,5.0
3415,1763,4.0
3416,1763,5.0
3417,1763,5.0
3418,1764,5.0
3419,1764,5.0
3420,1764,5.0
3421,1764,5.0
3422,1764,5.0
3423,1764,5.0
3424,1764,5.0
3425,1764,5.0
3426,1696,4.0
3427,1696,4.0
3428,1696,4.0
3429,1696,4.0
3430,1696,5.0
3431,1696,4.0
3432,1696,4.0
3433,1696,4.0
3434,1767,4.0
3435,1767,3.0
3436,1767,5.0
3437,1767,5.0
3438,1767,3.0
3439,1768,5.0
3440,1768,4.0
3441,1772,5.0
3442,1096,4.0
3443,1096,5.0
3444,1096,5.0
3445,1096,4.0
3446,1774,5.0
3447,1774,5.0
3448,1774,5.0
3449,1774,5.0
3450,1774,5.0
3451,1774,5.0
3452,1774,4.0
3453,1781,5.0
3454,1781,5.0
3455,1781,5.0
3456,1781,5.0
3457,1781,4.0
3458,1781,5.0
3459,1782,5.0
3460,1782,3.0
3461,1782,3.0
3462,1782,4.0
3463,1782,5.0
3464,1782,5.0
3465,1786,5.0
3466,1786,4.0
3467,1786,5.0
3468,1786,5.0
3469,1786,5.0
3470,1786,5.0
3471,1786,5.0
3472,1787,5.0
3473,1787,5.0
3474,1788,5.0
3475,1788,5.0
3476,1788,5.0
3477,1788,5.0
3478,1788,4.0
3479,1788,5.0
3480,1791,4.0
3481,1791,5.0
3482,78,4.0
3483,78,5.0
3484,78,4.0
3485,78,5.0
3486,78,4.0
3487,78,5.0
3488,78,5.0
3489,78,5.0
3490,1,5.0
3491,1,3.0
3492,1598,5.0
3493,1598,5.0
3494,1598,3.0
3495,1598,4.0
3496,1692,5.0
3497,1692,5.0
3498,1692,3.0
3499,1721,5.0
3500,1721,5.0
3501,1721,5.0
3502,1721,5.0
3503,1721,5.0
3504,290,5.0
3505,290,3.0
3506,290,4.0
3507,3,5.0
3508,3,5.0
3509,1792,5.0
3510,1792,5.0
3511,1792,5.0
3512,1792,4.0
3513,235,5.0
3514,235,5.0
3515,235,5.0
3516,235,5.0
3517,235,5.0
3518,235,5.0
3519,235,5.0
3520,1818,5.0
3521,1818,5.0
3522,1818,5.0
3523,1818,5.0
3524,1794,3.0
3525,1794,3.0
3526,1794,5.0
3527,1794,5.0
3528,1794,5.0
3529,1794,4.0
3530,1794,4.0
3531,1794,5.0
3532,1795,5.0
3533,1795,4.0
3534,1795,5.0
3535,1795,5.0
3536,1798,5.0
3537,1798,5.0
3538,1798,5.0
3539,1798,5.0
3540,1798,5.0
3541,1798,5.0
3542,1798,5.0
3543,530,3.0
3544,530,5.0
3545,530,5.0
3546,530,5.0
3547,530,5.0
3548,1801,4.0
3549,1801,5.0
3550,1801,5.0
3551,1801,3.0
3552,1801,4.0
3553,1801,5.0
3554,1802,5.0
3555,1802,5.0
3556,1802,5.0
3557,1802,5.0
3558,1802,5.0
3559,1802,5.0
3560,1802,5.0
3561,1806,5.0
3562,1806,4.0
3563,1806,5.0
3564,1806,4.0
3565,1809,5.0
3566,1809,5.0
3567,1809,5.0
3568,1809,5.0
3569,1809,3.0
3570,1811,5.0
3571,1811,4.0
3572,1811,4.0
3573,1811,5.0
3574,1811,1.0
3575,1814,4.0
3576,1814,5.0
3577,1814,5.0
3578,1814,4.0
3579,1814,5.0
3580,1814,5.0
3581,1815,3.0
3582,1815,5.0
3583,1815,5.0
3584,1815,4.0
3585,1815,2.0
3586,1815,5.0
3587,1815,5.0
3588,783,5.0
3589,783,5.0
3590,783,5.0
3591,783,5.0
3592,783,5.0
3593,783,5.0
3594,783,5.0
3595,783,5.0
3596,1820,3.0
3597,1820,5.0
3598,1820,5.0
3599,1820,4.0
3600,1820,5.0
3601,1824,5.0
3602,1824,5.0
3603,1824,5.0
3604,1826,5.0
3605,1827,5.0
3606,1827,5.0
3607,1827,5.0
3608,1827,5.0
3609,7,5.0
3609,279,5.0
3609,1827,5.0
3610,1855,5.0
3611,1855,5.0
3612,1828,5.0
3613,1828,5.0
3614,1828,1.0
3615,1828,4.0
3616,1828,4.0
3617,1828,4.0
3618,1828,5.0
3619,1845,2.0
3620,1845,5.0
3621,210,5.0
3622,210,5.0
3623,210,5.0
3624,210,5.0
3625,210,5.0
3626,210,4.0
3627,210,5.0
3628,297,5.0
3629,297,5.0
3630,297,5.0
3631,297,5.0
3632,297,5.0
3633,347,5.0
3634,347,5.0
3635,347,4.0
3636,347,5.0
3637,347,4.0
3638,334,0.0
3639,334,0.0
3640,334,0.0
3641,334,0.0
3642,334,0.0
3643,334,0.0
3644,334,0.0
3645,334,0.0
3646,417,5.0
3647,417,5.0
3648,417,4.0
3649,417,5.0
3650,433,5.0
3651,433,4.0
3652,433,5.0
3653,433,5.0
3654,433,5.0
3655,433,5.0
3656,433,5.0
3657,552,5.0
3658,552,5.0
3659,631,4.0
3660,631,4.0
3661,631,5.0
3662,631,4.0
3663,631,5.0
3664,1837,5.0
3665,1837,3.0
3666,1837,4.0
3667,1837,5.0
3668,1837,5.0
3669,1159,5.0
3670,1159,5.0
3671,1159,5.0
3672,1159,5.0
3673,1159,5.0
3674,1159,4.0
3675,1803,4.0
3675,1159,5.0
3676,1161,4.0
3677,1161,5.0
3678,1161,4.0
3679,1161,2.0
3680,1161,5.0
3681,1161,5.0
3682,1161,5.0
3683,1183,5.0
3684,1183,5.0
3685,1183,5.0
3686,1183,4.0
3687,1183,5.0
3688,1437,5.0
3689,1437,5.0
3690,1437,5.0
3691,1437,5.0
3692,1437,4.0
3693,1437,5.0
3694,1437,5.0
3695,1437,5.0
3696,1451,0.0
3697,1451,0.0
3698,1451,0.0
3699,1451,0.0
3700,1451,0.0
3701,1451,0.0
3702,1451,0.0
3703,892,0.0
3704,892,0.0
3705,892,0.0
3706,892,0.0
3707,892,0.0
3708,892,0.0
3709,1581,4.0
3710,1581,5.0
3711,1581,3.0
3712,1581,1.0
3713,1581,1.0
3714,1648,5.0
3715,1648,5.0
3716,1648,5.0
3717,1648,5.0
3718,1594,2.0
3719,1594,3.0
3720,1594,5.0
3721,1594,4.0
3722,1594,5.0
3723,1687,5.0
3724,1687,5.0
3725,1687,5.0
3726,1687,5.0
3727,1687,5.0
3728,1687,5.0
3729,1687,5.0
3730,1687,5.0
3731,291,5.0
3732,1803,5.0
3732,291,4.0
3733,433,5.0
3733,291,5.0
3734,210,5.0
3734,291,4.0
3735,291,5.0
3736,291,5.0
3737,291,5.0
3738,1561,5.0
3739,1561,5.0
3740,1561,5.0
3741,1561,5.0
3742,123,5.0
3743,123,5.0
3744,123,5.0
3745,123,5.0
3746,123,5.0
3747,123,5.0
3748,123,5.0
3749,123,5.0
3750,3,4.0
3751,3,5.0
3752,3,5.0
3753,1812,4.0
3754,1812,5.0
3755,1812,5.0
3756,1812,5.0
3757,1,4.0
3758,1,5.0
3759,1,5.0
3760,1,4.0
3761,1,5.0
3762,2,4.0
3763,2,5.0
3764,2,5.0
3765,4,5.0
3766,4,3.0
3767,4,1.0
3768,6,5.0
3769,6,4.0
3770,6,1.0
3771,6,4.0
3772,6,2.0
3773,7,5.0
3774,7,5.0
3775,7,5.0
3776,385,5.0
3776,7,5.0
3777,7,5.0
3778,7,5.0
3779,7,5.0
3780,8,4.0
3781,8,4.0
3782,8,1.0
3783,8,5.0
3784,8,5.0
3785,8,1.0
3786,8,3.0
3787,9,5.0
3788,9,5.0
3789,9,5.0
3790,9,4.0
3791,9,5.0
3792,9,2.0
3793,9,5.0
3794,9,2.0
3799,18,4.0
3800,18,3.0
3801,18,2.0
3802,18,3.0
3803,18,3.0
3804,18,5.0
3805,22,5.0
3806,26,5.0
3807,26,5.0
3808,26,4.0
3809,26,5.0
3810,26,5.0
3811,26,5.0
3812,26,5.0
3813,26,5.0
3814,31,5.0
3815,31,1.0
3816,35,4.0
3817,61,5.0
3818,63,5.0
3819,63,5.0
3820,63,5.0
3821,64,5.0
3822,64,5.0
3823,64,5.0
3824,64,5.0
3825,64,3.0
3826,64,5.0
3827,64,5.0
3828,64,5.0
3829,87,4.0
3830,87,5.0
3831,87,5.0
3832,87,4.0
3833,87,5.0
3834,87,5.0
3835,88,5.0
3836,88,5.0
3837,88,5.0
3838,88,5.0
3839,88,5.0
3840,88,5.0
3841,88,5.0
3842,96,5.0
3843,96,5.0
3846,103,5.0
3847,103,4.0
3848,103,5.0
3849,103,5.0
3850,103,3.0
3851,103,5.0
3852,105,5.0
3853,105,3.0
3854,105,4.0
3855,105,3.0
3856,105,4.0
3857,105,5.0
3863,109,5.0
3864,120,4.0
3865,120,4.0
3866,120,5.0
3867,138,5.0
3868,138,5.0
3869,138,5.0
3870,138,4.0
3871,138,5.0
3872,147,5.0
3873,148,5.0
3874,148,5.0
3875,148,4.0
3876,148,4.0
3877,148,5.0
3878,150,5.0
3879,151,5.0
3880,151,2.0
3881,151,5.0
3882,151,5.0
3883,156,4.0
3884,168,5.0
3885,174,5.0
3886,174,1.0
3887,177,5.0
3888,177,1.0
3889,177,1.0
3890,177,5.0
3891,177,4.0
3892,177,5.0
3893,177,1.0
3894,177,5.0
3895,180,5.0
3896,187,5.0
3897,187,4.0
3898,187,1.0
3899,187,3.0
3900,187,5.0
3901,187,5.0
3902,187,1.0
3903,212,5.0
3904,228,5.0
3905,228,5.0
3906,233,5.0
3907,233,5.0
3908,233,5.0
3909,233,3.0
3910,233,5.0
3911,233,5.0
3912,243,3.0
3913,243,5.0
3914,243,5.0
3915,243,5.0
3916,243,3.0
3917,243,3.0
3918,243,3.0
3919,255,5.0
3920,261,5.0
3921,261,5.0
3922,261,5.0
3923,261,5.0
3924,261,5.0
3925,261,4.0
3926,261,5.0
3933,271,4.0
3934,277,5.0
3935,277,4.0
3936,277,5.0
3937,277,5.0
3938,277,5.0
3939,277,5.0
3940,277,4.0
3941,277,5.0
3942,280,5.0
3943,290,5.0
3944,290,5.0
3945,290,5.0
3946,290,5.0
3947,302,3.0
3948,302,5.0
3949,302,3.0
3950,302,4.0
3951,302,1.0
3952,302,1.0
3953,302,5.0
3954,302,3.0
3955,306,5.0
3956,306,5.0
3957,307,5.0
3958,307,5.0
3959,307,5.0
3960,307,1.0
3961,307,5.0
3962,307,1.0
3963,308,5.0
3964,308,4.0
3965,308,5.0
3966,308,5.0
3967,308,5.0
3968,308,5.0
3969,311,5.0
3970,311,4.0
3971,311,5.0
3972,311,4.0
3973,311,5.0
3974,331,4.0
3983,339,5.0
3984,342,5.0
3985,342,5.0
3986,351,3.0
3987,351,5.0
3988,351,5.0
3989,351,5.0
3990,351,5.0
3991,372,5.0
3992,372,4.0
3993,372,5.0
3994,372,5.0
3995,377,1.0
3996,385,5.0
3997,385,5.0
3998,385,5.0
3999,385,5.0
4000,385,4.0
4001,385,5.0
4002,389,3.0
4003,389,4.0
4004,389,5.0
4005,389,3.0
4006,389,5.0
4007,392,4.0
4008,410,5.0
4009,410,5.0
4010,410,4.0
4011,410,5.0
4012,410,5.0
4013,410,5.0
4014,410,5.0
4015,412,5.0
4016,412,5.0
4017,412,4.0
4018,412,2.0
4019,416,5.0
4020,416,5.0
4021,416,4.0
4022,416,5.0
4023,416,4.0
4024,416,4.0
4025,416,5.0
4026,416,4.0
4027,335,3.0
4029,433,5.0
4030,441,4.0
4031,448,5.0
4032,448,5.0
4033,448,5.0
4034,448,5.0
4035,448,5.0
4036,449,3.0
4037,449,4.0
4038,449,4.0
4039,449,5.0
4040,449,5.0
4041,449,5.0
4042,449,5.0
4043,449,5.0
4044,462,5.0
4053,478,4.0
4054,514,5.0
4055,514,5.0
4056,514,5.0
4057,514,3.0
4137,544,5.0
4138,544,5.0
4139,544,5.0
4140,544,5.0
4141,544,5.0
4142,544,5.0
4392,1472,5.0
4507,558,5.0
4508,558,5.0
4509,558,5.0
4510,558,5.0
4511,558,5.0
4512,558,5.0
4513,558,5.0
4514,558,5.0
4515,574,3.0
4516,585,5.0
4517,585,5.0
4518,592,5.0
4519,592,4.0
4520,592,4.0
4521,596,5.0
4522,596,5.0
4523,596,5.0
4524,596,1.0
4525,607,5.0
4530,617,2.0
4531,617,3.0
4532,617,5.0
4533,624,4.0
4534,624,4.0
4535,624,5.0
4536,624,5.0
4537,628,5.0
4538,628,5.0
4539,628,5.0
4540,628,5.0
4541,633,5.0
4542,633,5.0
4543,633,3.0
4544,633,3.0
4545,647,5.0
4546,647,5.0
4547,649,4.0
4548,649,5.0
4554,677,5.0
4555,677,3.0
4563,700,4.0
4565,712,4.0
4574,716,5.0
4576,732,5.0
4577,736,3.0
4578,736,5.0
4579,736,5.0
4580,737,2.0
4581,737,5.0
4609,178,0.0
4610,178,0.0
4611,178,0.0
4612,178,0.0
4613,178,0.0
4614,178,0.0
4615,178,0.0
4616,178,0.0
4617,210,5.0
4618,214,4.0
4619,214,5.0
4623,297,4.0
4624,347,4.0
4633,552,5.0
4634,631,4.0
4635,717,5.0
4636,717,4.0
4637,717,5.0
4638,717,4.0
4639,717,5.0
4640,717,5.0
4641,717,5.0
4642,873,0.0
4643,873,0.0
4644,873,0.0
4645,873,0.0
4646,873,0.0
4647,873,0.0
4648,873,0.0
4649,873,0.0
4653,1087,5.0
4654,1087,5.0
4655,1087,5.0
4659,1472,5.0
4660,1472,5.0
4661,1472,5.0
4662,1472,5.0
4663,1527,5.0
4664,1527,5.0
4679,1687,5.0
4701,291,5.0
4702,1561,5.0
4703,1561,3.0
4706,123,5.0
4707,123,5.0
4719,1459,5.0
4720,1459,5.0
4721,1459,5.0
4722,1459,5.0
4723,1459,5.0
4724,1459,3.0
4725,1459,5.0
4726,1459,5.0
4737,1803,5.0
4738,1803,5.0
4739,1803,5.0
4740,1803,5.0
1,1,2.0
2,2,3.0
